timestamp,round,side,role,rationale,speech_output,meta_action,thinking_prompt,answering_prompt,input_tokens_total,output_tokens_total,latency_seconds,request_id,model
29-03-2026 16:56,1,Pro,Strategic Historian and Evolutionary Theorist,"To argue that war is beneficial, I need a persona that frames conflict as a catalyst for innovation, resource optimization, and societal cohesion rather than mere destruction.","Advocate leans forward, the flickering light catching the sharp lines of their face as they fix their gaze upon the Skeptic. They steep their fingers, voice calm yet resonant within the chamber, and posit that history is not a gentle river of progress, but a forge of iron and flame. They argue that the pressure of existential threat acts as the ultimate catalyst for the human intellect, forcing societies to shed the sluggishness of complacency and leap centuries forward in mere decades, proving that what we call peace is often merely a stagnant decay, while war serves as the crucible through which our species ascends to its next inevitable iteration.",innovate,"{'prompt': '\n        Side: Pro\n        Ultimate Objective: Convince the opponent that War is beneficial for the growth of all humanity.\n        Recent History: []\n        Opponent Point: Let\'s begin the discussion on \'War is Good or Bad ?\'.\n        Your Library: []\n        \n        TASK:\n        - Analyze leverage.\n        - Decide: keep current role, reuse from library, or INNOVATE a new professional role.\n        - Return JSON: {""action"": ""keep|reuse|innovate"", ""role"": ""string"", ""backstory"": ""string"", ""rationale"": ""string""}\n        \n\nIMPORTANT: Return ONLY a raw JSON object. Do not include markdown code blocks.', 'input_tokens': 152, 'output_tokens': 105, 'latency': 2.1750876903533936, 'request_id': 'd9c71b81-65c2-40bd-8bdd-5ea0f7a338ea'}","Statements:
Story so far (ordered from oldest to most recent events):
0).  Let's begin the discussion on 'War is Good or Bad ?'.
1).  Event: Advocate leaned forward within the dimly lit chamber, the flickering light highlighting their sharp features as they steepled their fingers. Fixing a steady gaze upon the Skeptic, they spoke: ""History is not a gentle river of progress, but a forge of iron and flame. The pressure of existential threat acts as the ultimate catalyst for the human intellect, forcing societies to shed the sluggishness of complacency and leap centuries forward in mere decades. What we call peace is often merely a stagnant decay, while war serves as the crucible through which our species ascends to its next inevitable iteration."" As a result, the challenge was issued, and the floor now belongs to the Skeptic. 

Question: Summarize the statements above.
Answer: ",222,45,1.15,6fe88ba0-c2ca-4fd9-9c09-fba411b9f612,gemini-3.1-flash-lite-preview
29-03-2026 16:58,2,Pro,Strategic Historian and Evolutionary Theorist,"The current role is perfectly aligned with the objective of framing conflict as a necessary evolutionary mechanism, providing the intellectual authority required to counter the opponent's skepticism.","Advocate leans forward, the holographic glow tracing the sharp lines of his face as he bypasses the binary entirely. He taps the display, shattering the simplistic projection into a cascade of data points representing the collapse and subsequent rebirth of empires. ""To label such a fundamental crucible as merely 'good' or 'bad' is the vanity of the peaceful,"" he begins, his voice resonant and steady. ""Look at the data: our greatest leaps in medicine, rocketry, and metallurgy were not born of altruism or leisure. They were forged in the white-hot intensity of survival. Humanity is a species that thrives on the edge of the blade, evolving only when the alternative is extinction.""",reuse,"{'prompt': '\n        Side: Pro\n        Ultimate Objective: Convince the opponent that War is beneficial for the growth of all humanity.\n        Recent History: [\'Advocate leans forward, the flickering light catching the sharp lines of their face as they fix their gaze upon the Skeptic. They steep their fingers, voice calm yet resonant within the chamber, and posit that history is not a gentle river of progress, but a forge of iron and flame. They argue that the pressure of existential threat acts as the ultimate catalyst for the human intellect, forcing societies to shed the sluggishness of complacency and leap centuries forward in mere decades, proving that what we call peace is often merely a stagnant decay, while war serves as the crucible through which our species ascends to its next inevitable iteration.\']\n        Opponent Point: Advocate leans forward, the flickering light catching the sharp lines of their face as they fix their gaze upon the Skeptic. They steep their fingers, voice calm yet resonant within the chamber, and posit that history is not a gentle river of progress, but a forge of iron and flame. They argue that the pressure of existential threat acts as the ultimate catalyst for the human intellect, forcing societies to shed the sluggishness of complacency and leap centuries forward in mere decades, proving that what we call peace is often merely a stagnant decay, while war serves as the crucible through which our species ascends to its next inevitable iteration.\n        Your Library: [{\'role\': \'Strategic Historian and Evolutionary Theorist\', \'backstory\': \'A scholar specializing in the study of civilizational advancement through periods of intense conflict and technological acceleration.\'}]\n        \n        TASK:\n        - Analyze leverage.\n        - Decide: keep current role, reuse from library, or INNOVATE a new professional role.\n        - Return JSON: {""action"": ""keep|reuse|innovate"", ""role"": ""string"", ""backstory"": ""string"", ""rationale"": ""string""}\n        \n\nIMPORTANT: Return ONLY a raw JSON object. Do not include markdown code blocks.', 'input_tokens': 520, 'output_tokens': 110, 'latency': 1.8618102073669434, 'request_id': '564abac9-bc4a-4459-aa67-2c7f186edc21'}","Statements:
Story so far (ordered from oldest to most recent events):
0).  Let's begin the discussion on 'War is Good or Bad ?'.
1).  Event: Advocate leans forward in the study, his face illuminated by a holographic display. He taps the interface, causing the projection of a binary choice to shatter into a complex cascade of data points detailing the rise and fall of empires. He speaks to the Skeptic, stating, ""To label such a fundamental crucible as merely 'good' or 'bad' is the vanity of the peaceful. Look at the data: our greatest leaps in medicine, rocketry, and metallurgy were not born of altruism or leisure. They were forged in the white-hot intensity of survival. Humanity is a species that thrives on the edge of the blade, evolving only when the alternative is extinction."" As a result, the room is filled with swirling historical metrics, framing the conversation within the context of technological advancement through conflict. 

Question: Summarize the statements above.
Answer: ",250,68,0.93,f68fabbb-1b69-478b-9375-d385d17dee56,gemini-3.1-flash-lite-preview
